Course Code,Course Name,Short Name,Short Name Alt,Section,Section URL,Call Number,Points,Day/Time,Location,Enrollment,Notes,Instructor,Type,Method of Instruction,Course Description,Number,Division,Open To,Section key
APMAE4200,Spring 2026 Applied Mathematics E4200 section 001,PARTIAL DIFFERENTIAL EQUATIONS,PARTIAL DIFFERENTIAL EQUA,001,https://doc.sis.columbia.edu/subj/APMA/E4200-20261-001/,12923,3,TR 1:10pm-2:25pm 1127 Seeley W. Mudd Building,,"44 students (52 max) as of 11:06AM Monday, April 27, 2026",,Curtiss Lyman,LECTURE,In-Person,"Techniques of solution of partial differential equations. Separation of the variables. Orthogonality and characteristic functions, nonhomogeneous boundary value problems. Solutions in orthogonal curvilinear coordinate systems. Applications of Fourier integrals, Fourier and Laplace transforms. Problems from the fields of vibrations, heat conduction, electricity, fluid dynamics, and wave propagation are considered.",E4200,School of Engineering and Applied Science: Graduate,"Barnard College, Columbia College, Engineering:Undergraduate, Engineering:Graduate, GSAS, General Studies",20261APMA4200E001
APMAE4300,Spring 2026 Applied Mathematics E4300 section 001,COMPUT MATH:INTRO-NUMERCL METH,COMPUT MATH:INTRO-NUMERCL,001,https://doc.sis.columbia.edu/subj/APMA/E4300-20261-001/,12963,3,MW 1:10pm-2:25pm 702 Hamilton Hall,,"48 students (85 max) as of 11:06AM Monday, April 27, 2026",,Kui Ren,LECTURE,In-Person,"Programming experience in Python extremely useful. Introduction to fundamental algorithms and analysis of numerical methods commonly used by scientists, mathematicians and engineers. Designed to give a fundamental understanding of the building blocks of scientific computing that will be used in more advanced courses in scientific computing and numerical methods for PDEs (e.g. APMA E4301, E4302). Topics include numerical solutions of algebraic systems, linear least-squares, eigenvalue problems, solution of non-linear systems, optimization, interpolation, numerical integration and differentiation, initial value problems and boundary value problems for systems of ODEs. All programming exercises will be in Python.",E4300,School of Engineering and Applied Science: Graduate,"Barnard College, Business, Columbia College, Engineering:Undergraduate, Engineering:Graduate, GSAS, General Studies",20261APMA4300E001
CIENE4129,Spring 2026 Civil Engineering E4129 section 001,MANAGING ENG & CONST PROCESSES,MANAGING ENG & CONST PROC,001,https://doc.sis.columbia.edu/subj/CIEN/E4129-20261-001/,11662,3,T 4:10pm-6:00pm 308A Lewisohn Hall,,"21 students (22 max) as of 11:06AM Monday, April 27, 2026",,Timothy McManus,LECTURE,In-Person,"Introduction to the principles, methods and tools necessary to manage design and construction processes. Elements of planning, estimating, scheduling, bidding and contractual relationships. Valuation of project cash flows. Critical path method. Survey of construction procedures. Cost control and effectiveness. Field supervision.",E4129,School of Engineering and Applied Science: Graduate,"Business, Engineering:Graduate, Professional Studies",20261CIEN4129E001
COMSW4118,Spring 2026 Computer Science W4118 section 001,OPERATING SYSTEMS I,,001,https://doc.sis.columbia.edu/subj/COMS/W4118-20261-001/,12352,3,M 7:00pm-9:30pm 451 Computer Science Building,,"94 students (110 max) as of 11:06AM Monday, April 27, 2026",,Hubertus Franke,LECTURE,In-Person,"Design and implementation of operating systems. Topics include process management, process synchronization and interprocess communication, memory management, virtual memory, interrupt handling, processor scheduling, device management, I/O, and file systems. Case study of the UNIX operating system. A programming project is required.",W4118,Interfaculty,"Barnard College, Columbia College, Engineering:Undergraduate, Engineering:Graduate, GSAS, General Studies, Journalism",20261COMS4118W001
COMSW4170,Spring 2026 Computer Science W4170 section 001,USER INTERFACE DESIGN,,001,https://doc.sis.columbia.edu/subj/COMS/W4170-20261-001/,12353,3,T 7:00pm-9:30pm 301 Pupin Laboratories,,"195 students (200 max) as of 11:06AM Monday, April 27, 2026",,Celeste S Layne,LECTURE,In-Person,"Introduction to the theory and practice of computer user interface design, emphasizing the software design of graphical user interfaces. Topics include basic interaction devices and techniques, human factors, interaction styles, dialogue design, and software infrastructure. Design and programming projects are required.",W4170,Interfaculty,"Barnard College, Business, Columbia College, Engineering:Undergraduate, Engineering:Graduate, GSAS, General Studies, Journalism",20261COMS4170W001
COMSW4232,Spring 2026 Computer Science W4232 section 001,Advanced Algorithms,,001,https://doc.sis.columbia.edu/subj/COMS/W4232-20261-001/,12355,3,MW 2:40pm-3:55pm 1127 Seeley W. Mudd Building,,"31 students (60 max) as of 11:06AM Monday, April 27, 2026",,Alexandr Andoni,LECTURE,In-Person,"Introduces classic and modern algorithmic ideas that are central to many areas of Computer Science. The focus is on most powerful paradigms and techniques of how to design algorithms, and how to measure their efficiency. The intent is to be broad, covering a diversity of algorithmic techniques, rather than be deep. The covered topics have all been implemented and are widely used in industry. Topics include: hashing, sketching/streaming, nearest neighbor search, graph algorithms, spectral graph theory, linear programming, models for large-scale computation, and other related topics",W4232,School of Engineering and Applied Science: Graduate,"Barnard College, Columbia College, Engineering:Undergraduate, Engineering:Graduate, GSAS, General Studies, Journalism",20261COMS4232W001
COMSW4701,Spring 2026 Computer Science W4701 section 001,ARTIFICIAL INTELLIGENCE,,001,https://doc.sis.columbia.edu/subj/COMS/W4701-20261-001/,12359,3,TR 4:10pm-5:25pm 402 Chandler,,"117 students (120 max) as of 11:06AM Monday, April 27, 2026",,Adam Lin,LECTURE,In-Person,"Prior knowledge of Python is recommended. Provides a broad understanding of the basic techniques for building intelligent computer systems. Topics include state-space problem representations, problem reduction and and-or graphs, game playing and heuristic search, predicate calculus, and resolution theorem proving, AI systems and languages for knowledge representation, machine learning and concept formation and other topics such as natural language processing may be included as time permits.",W4701,Interfaculty,"Barnard College, Business, Columbia College, Engineering:Undergraduate, Engineering:Graduate, GSAS, General Studies, Journalism",20261COMS4701W001
COMSW4701,Spring 2026 Computer Science W4701 section 002,ARTIFICIAL INTELLIGENCE,,002,https://doc.sis.columbia.edu/subj/COMS/W4701-20261-002/,12360,3,TR 6:40pm-7:55pm 451 Computer Science Building,,"104 students (110 max) as of 11:06AM Monday, April 27, 2026",,Adam Lin,LECTURE,In-Person,"Prior knowledge of Python is recommended. Provides a broad understanding of the basic techniques for building intelligent computer systems. Topics include state-space problem representations, problem reduction and and-or graphs, game playing and heuristic search, predicate calculus, and resolution theorem proving, AI systems and languages for knowledge representation, machine learning and concept formation and other topics such as natural language processing may be included as time permits.",W4701,Interfaculty,"Barnard College, Business, Columbia College, Engineering:Undergraduate, Engineering:Graduate, GSAS, General Studies, Journalism",20261COMS4701W002
COMSW4705,Spring 2026 Computer Science W4705 section 001,NATURAL LANGUAGE PROCESSING,NATURAL LANGUAGE PROCESSI,001,https://doc.sis.columbia.edu/subj/COMS/W4705-20261-001/,12361,3,TR 4:10pm-5:25pm 451 Computer Science Building,,"104 students (110 max) as of 11:06AM Monday, April 27, 2026",,Zhou Yu,LECTURE,In-Person,"Computational approaches to the analysis, understanding, and generation of natural language text at scale. Emphasis on machine learning techniques for NLP, including deep learning and large language models. Applications may include information extraction, sentiment analysis, question answering, summarization, machine translation, and conversational AI. Discussion of datasets, benchmarking and evaluation, interpretability, and ethical considerations. Due to significant overlap in content, only one of COMS 4705 or Barnard COMS 3705BC may be taken for credit.",W4705,Interfaculty,"Barnard College, Business, Columbia College, Engineering:Undergraduate, Engineering:Graduate, GSAS, General Studies, Journalism",20261COMS4705W001
COMSW4705,Spring 2026 Computer Science W4705 section 002,NATURAL LANGUAGE PROCESSING,NATURAL LANGUAGE PROCESSI,002,https://doc.sis.columbia.edu/subj/COMS/W4705-20261-002/,12627,3,F 1:10pm-3:40pm 451 Computer Science Building,,"102 students (110 max) as of 11:06AM Monday, April 27, 2026",,Daniel Bauer,LECTURE,In-Person,"Computational approaches to the analysis, understanding, and generation of natural language text at scale. Emphasis on machine learning techniques for NLP, including deep learning and large language models. Applications may include information extraction, sentiment analysis, question answering, summarization, machine translation, and conversational AI. Discussion of datasets, benchmarking and evaluation, interpretability, and ethical considerations. Due to significant overlap in content, only one of COMS 4705 or Barnard COMS 3705BC may be taken for credit.",W4705,Interfaculty,"Barnard College, Business, Columbia College, Engineering:Undergraduate, Engineering:Graduate, GSAS, General Studies, Journalism",20261COMS4705W002
COMSW4732,Spring 2026 Computer Science W4732 section 001,Computer Vision II: Learning,Computer Vision II: Learn,001,https://doc.sis.columbia.edu/subj/COMS/W4732-20261-001/,12363,3,F 9:10am-11:40am 451 Computer Science Building,,"99 students (110 max) as of 11:06AM Monday, April 27, 2026",,Aleksander Holynski,LECTURE,In-Person,"Advanced course in computer vision. Topics include convolutional networks and back-propagation, object and action recognition, self-supervised and few-shot learning, image synthesis and generative models, object tracking, vision and language, vision and audio, 3D representations, interpretability, and bias, ethics, and media deception.",W4732,School of Engineering and Applied Science: Graduate,"Barnard College, Columbia College, Engineering:Undergraduate, Engineering:Graduate, GSAS, General Studies, Journalism",20261COMS4732W001
COMSW4771,Spring 2026 Computer Science W4771 section 001,MACHINE LEARNING,,001,https://doc.sis.columbia.edu/subj/COMS/W4771-20261-001/,12364,3,MW 2:40pm-3:55pm 451 Computer Science Building,,"101 students (110 max) as of 11:06AM Monday, April 27, 2026",,Tony B Dear,LECTURE,In-Person,"Basic statistical principles and algorithmic paradigms of supervised machine learning. Prerequisites: Multivariable calculus (e.g. MATH1201 or MATH1205 or APMA2000), linear algebra (e.g. COMS3251 or MATH2010 or MATH2015), probability (e.g. STAT1201 or STAT4001 or IEOR3658 or MATH2015), discrete math (COMS3203), and general mathematical maturity. Programming and algorithm analysis (e.g. COMS 3134). COMS 3770 is recommended for students who wish to refresh their math background.",W4771,Interfaculty,"Barnard College, Business, Columbia College, Engineering:Undergraduate, Engineering:Graduate, GSAS, General Studies, Journalism",20261COMS4771W001
COMSW4771,Spring 2026 Computer Science W4771 section 002,MACHINE LEARNING,,002,https://doc.sis.columbia.edu/subj/COMS/W4771-20261-002/,12366,3,MW 4:10pm-5:25pm 451 Computer Science Building,,"84 students (110 max) as of 11:06AM Monday, April 27, 2026",,Tony B Dear,LECTURE,In-Person,"Basic statistical principles and algorithmic paradigms of supervised machine learning. Prerequisites: Multivariable calculus (e.g. MATH1201 or MATH1205 or APMA2000), linear algebra (e.g. COMS3251 or MATH2010 or MATH2015), probability (e.g. STAT1201 or STAT4001 or IEOR3658 or MATH2015), discrete math (COMS3203), and general mathematical maturity. Programming and algorithm analysis (e.g. COMS 3134). COMS 3770 is recommended for students who wish to refresh their math background.",W4771,Interfaculty,"Barnard College, Business, Columbia College, Engineering:Undergraduate, Engineering:Graduate, GSAS, General Studies, Journalism",20261COMS4771W002
COMSW4995,Spring 2026 Computer Science W4995 section 001,TOPICS IN COMPUTER SCIENCE,SCIENCE OF BLOCKCHAINS,001,https://doc.sis.columbia.edu/subj/COMS/W4995-20261-001/,12367,3,MW 8:40am-9:55am 451 Computer Science Building,,"56 students (60 max) as of 11:06AM Monday, April 27, 2026",,Timothy A Roughgarden,LECTURE,In-Person,Selected topics in computer science. Content and prerequisites vary between sections and semesters. May be repeated for credit. Check “topics course” webpage on the department website for more information on each section.,W4995,Interfaculty,"Barnard College, Columbia College, Engineering:Undergraduate, Engineering:Graduate, GSAS, General Studies, Journalism",20261COMS4995W001
COMSW4995,Spring 2026 Computer Science W4995 section 002,TOPICS IN COMPUTER SCIENCE,INNOVATION & DESIGN LAB,002,https://doc.sis.columbia.edu/subj/COMS/W4995-20261-002/,12368,3,T 1:10pm-3:40pm 644 Seeley W. Mudd Building,,"37 students (40 max) as of 11:06AM Monday, April 27, 2026",,Gary Zamchick,LECTURE,In-Person,Selected topics in computer science. Content and prerequisites vary between sections and semesters. May be repeated for credit. Check “topics course” webpage on the department website for more information on each section.,W4995,Interfaculty,"Barnard College, Columbia College, Engineering:Undergraduate, Engineering:Graduate, GSAS, General Studies, Journalism",20261COMS4995W002
COMSW4995,Spring 2026 Computer Science W4995 section 003,TOPICS IN COMPUTER SCIENCE,INNOVATION & DESIGN LAB,003,https://doc.sis.columbia.edu/subj/COMS/W4995-20261-003/,12369,3,F 1:10pm-3:40pm 644 Seeley W. Mudd Building,,"38 students (40 max) as of 11:06AM Monday, April 27, 2026",,Gary Zamchick,LECTURE,In-Person,Selected topics in computer science. Content and prerequisites vary between sections and semesters. May be repeated for credit. Check “topics course” webpage on the department website for more information on each section.,W4995,Interfaculty,"Barnard College, Columbia College, Engineering:Undergraduate, Engineering:Graduate, GSAS, General Studies, Journalism",20261COMS4995W003
COMSW4995,Spring 2026 Computer Science W4995 section 004,TOPICS IN COMPUTER SCIENCE,ADV SYSTEMS PROGRAMMING,004,https://doc.sis.columbia.edu/subj/COMS/W4995-20261-004/,12370,3,MW 2:40pm-3:55pm 209 Havemeyer Hall,,"84 students (110 max) as of 11:06AM Monday, April 27, 2026",,Jae W Lee,LECTURE,In-Person,Selected topics in computer science. Content and prerequisites vary between sections and semesters. May be repeated for credit. Check “topics course” webpage on the department website for more information on each section.,W4995,Interfaculty,"Barnard College, Columbia College, Engineering:Undergraduate, Engineering:Graduate, GSAS, General Studies, Journalism",20261COMS4995W004
COMSW4995,Spring 2026 Computer Science W4995 section 005,TOPICS IN COMPUTER SCIENCE,C++ DEEP DIVE FOR C PRGS,005,https://doc.sis.columbia.edu/subj/COMS/W4995-20261-005/,12372,3,MW 5:40pm-6:55pm 402 Chandler,,"109 students (126 max) as of 11:06AM Monday, April 27, 2026",,Jae W Lee,LECTURE,In-Person,Selected topics in computer science. Content and prerequisites vary between sections and semesters. May be repeated for credit. Check “topics course” webpage on the department website for more information on each section.,W4995,Interfaculty,"Barnard College, Columbia College, Engineering:Undergraduate, Engineering:Graduate, GSAS, General Studies, Journalism",20261COMS4995W005
COMSW4995,Spring 2026 Computer Science W4995 section 006,TOPICS IN COMPUTER SCIENCE,INTRO TO DATA VISUALIZATION,006,https://doc.sis.columbia.edu/subj/COMS/W4995-20261-006/,12373,3,R 4:10pm-6:40pm 1024 Seeley W. Mudd Building,,"35 students (40 max) as of 11:06AM Monday, April 27, 2026",,Christian Swinehart,LECTURE,In-Person,Selected topics in computer science. Content and prerequisites vary between sections and semesters. May be repeated for credit. Check “topics course” webpage on the department website for more information on each section.,W4995,Interfaculty,"Barnard College, Columbia College, Engineering:Undergraduate, Engineering:Graduate, GSAS, General Studies, Journalism",20261COMS4995W006
COMSW4995,Spring 2026 Computer Science W4995 section 007,TOPICS IN COMPUTER SCIENCE,COMPETITIVE PROGRAMMING,007,https://doc.sis.columbia.edu/subj/COMS/W4995-20261-007/,12374,3,M 7:00pm-9:30pm 310 Fayerweather,,"78 students (90 max) as of 11:06AM Monday, April 27, 2026",,Yongwhan Lim,LECTURE,In-Person,Selected topics in computer science. Content and prerequisites vary between sections and semesters. May be repeated for credit. Check “topics course” webpage on the department website for more information on each section.,W4995,Interfaculty,"Barnard College, Columbia College, Engineering:Undergraduate, Engineering:Graduate, GSAS, General Studies, Journalism",20261COMS4995W007
COMSW4995,Spring 2026 Computer Science W4995 section 008,TOPICS IN COMPUTER SCIENCE,MACHINE LEARNING SECURITY,008,https://doc.sis.columbia.edu/subj/COMS/W4995-20261-008/,12375,3,F 12:10pm-2:00pm 825 Seeley W. Mudd Building,,"20 students (30 max) as of 11:06AM Monday, April 27, 2026",,"Suman Jana - e-mail , homepage",LECTURE,In-Person,Selected topics in computer science. Content and prerequisites vary between sections and semesters. May be repeated for credit. Check “topics course” webpage on the department website for more information on each section.,W4995,Interfaculty,"Barnard College, Columbia College, Engineering:Undergraduate, Engineering:Graduate, GSAS, General Studies, Journalism",20261COMS4995W008
COMSW4995,Spring 2026 Computer Science W4995 section 009,TOPICS IN COMPUTER SCIENCE,THRY ML INTERACT DECISION,009,https://doc.sis.columbia.edu/subj/COMS/W4995-20261-009/,12628,3,TR 1:10pm-2:25pm 415 Schapiro [SCEP],,"23 students (40 max) as of 11:06AM Monday, April 27, 2026",,Adam B Block,LECTURE,In-Person,Selected topics in computer science. Content and prerequisites vary between sections and semesters. May be repeated for credit. Check “topics course” webpage on the department website for more information on each section.,W4995,Interfaculty,"Barnard College, Columbia College, Engineering:Undergraduate, Engineering:Graduate, GSAS, General Studies, Journalism",20261COMS4995W009
COMSW4995,Spring 2026 Computer Science W4995 section 010,TOPICS IN COMPUTER SCIENCE,AI FOR SOFTWARE SECURITY,010,https://doc.sis.columbia.edu/subj/COMS/W4995-20261-010/,16839,3,TR 5:40pm-6:55pm 601B Sherman Fairchild Life Sciences Building,,"24 students (25 max) as of 11:06AM Monday, April 27, 2026",,Zhuo Zhang,LECTURE,In-Person,Selected topics in computer science. Content and prerequisites vary between sections and semesters. May be repeated for credit. Check “topics course” webpage on the department website for more information on each section.,W4995,Interfaculty,"Barnard College, Columbia College, Engineering:Undergraduate, Engineering:Graduate, GSAS, General Studies",20261COMS4995W010
COMSW4995,Spring 2026 Computer Science W4995 section 011,TOPICS IN COMPUTER SCIENCE,STRT STUDIO AI ACCEL BLDG,011,https://doc.sis.columbia.edu/subj/COMS/W4995-20261-011/,20140,3,TR 1:10pm-2:25pm 451 Computer Science Building,,"51 students (50 max) as of 11:06AM Monday, April 27, 2026",,Ken St. Clair,LECTURE,In-Person,Selected topics in computer science. Content and prerequisites vary between sections and semesters. May be repeated for credit. Check “topics course” webpage on the department website for more information on each section.,W4995,Interfaculty,,20261COMS4995W011
COMSW4995,Spring 2026 Computer Science W4995 section 012,TOPICS IN COMPUTER SCIENCE,TOPICS IN COMPUTER SCIENC,012,https://doc.sis.columbia.edu/subj/COMS/W4995-20261-012/,20388,3,F 2:00pm-5:00pm NONE NONE,,"138 students (150 max) as of 11:06AM Monday, April 27, 2026",,Lydia Chilton,LECTURE,In-Person,Selected topics in computer science. Content and prerequisites vary between sections and semesters. May be repeated for credit. Check “topics course” webpage on the department website for more information on each section.,W4995,Interfaculty,,20261COMS4995W012
CSEEW4119,Spring 2026 Computer Science and Electrical Engineering W4119 section 001,COMPUTER NETWORKS,,001,https://doc.sis.columbia.edu/subj/CSEE/W4119-20261-001/,12396,3,TR 11:40am-12:55pm 614 Schermerhorn Hall [SCH],,"135 students (140 max) as of 11:06AM Monday, April 27, 2026",,Xia Zhou,LECTURE,In-Person,"Introduction to computer networks and the technical foundations of the Internet, including applications, protocols, local area networks, algorithms for routing and congestion control, security, elementary performance evaluation. Several written and programming assignments required.",W4119,Interfaculty,"Barnard College, Columbia College, Engineering:Undergraduate, Engineering:Graduate, GSAS, General Studies, Journalism",20261CSEE4119W001
CSEEW4121,Spring 2026 Computer Science and Electrical Engineering W4121 section 001,COMPUTER SYSTEMS FOR DATA SCIENCE,COMPUTER SYSTEMS FOR DATA,001,https://doc.sis.columbia.edu/subj/CSEE/W4121-20261-001/,16119,3,W 4:10pm-6:40pm 301 Pupin Laboratories,,"192 students (200 max) as of 11:06AM Monday, April 27, 2026",,Waqar Aqeel,LECTURE,In-Person,"An introduction to computer architecture and distributed systems with an emphasis on warehouse scale computing systems. Topics will include fundamental tradeoffs in computer systems, hardware and software techniques for exploiting instruction-level parallelism, data-level parallelism and task level parallelism, scheduling, caching, prefetching, network and memory architecture, latency and throughput optimizations, specialization, and an introduction to programming data center computers.",W4121,School of Engineering and Applied Science: Graduate,"Engineering:Graduate, GSAS",20261CSEE4121W001
CSORE4231,Spring 2026 Computer Science and Operations Research E4231 section 001,ANALYSIS OF ALGORITHMS I,,001,https://doc.sis.columbia.edu/subj/CSOR/E4231-20261-001/,13263,3,MW 2:40pm-3:55pm 303 Uris Hall,,"11 students (50 max) as of 11:06AM Monday, April 27, 2026",,Daniel Bienstock,LECTURE,In-Person,"Prerequisites: COMS W3134, COMS W3136, or COMS W3137, and COMS W3203. Introduction to the design and analysis of efficient algorithms. Topics include models of computation, efficient sorting and searching, algorithms for algebraic problems, graph algorithms, dynamic programming, probabilistic methods, approximation algorithms, and NP-completeness.",E4231,School of Engineering and Applied Science: Graduate,,20261CSOR4231E001
EAEEE4257,Spring 2026 Earth and Environmental Engineering E4257 section 001,ENVIR DATA ANALYSIS & MODELING,ENVIR DATA ANALYSIS & MOD,001,https://doc.sis.columbia.edu/subj/EAEE/E4257-20261-001/,13037,3,MW 10:10am-11:25am 420 Pupin Laboratories,,"31 students (50 max) as of 11:06AM Monday, April 27, 2026",,Bolun Xu,LECTURE,In-Person,"Introduction parametric and non-parametric statistical models applied to climate and environmental data analysis. Time and space data analysis methods will be focused, including clustering, autoregressive models, trend analysis, Bayesian analysis, missing data imputation, geostatistics, principal components analysis. Application to problems of climate variation and change; hydrology; air, water and soil pollution dynamics; disease propagation; ecological change; and resource assessment. The class requires the use of R with hands-on programming applied to a current environmental data analysis problem.",E4257,School of Engineering and Applied Science: Graduate,,20261EAEE4257E001
ECBME6070,Spring 2026 Electrical Eng/ Computer Science/ Biomedical Engineering E6070 section 001,TPC NEUROSCI & DEEP LEARN,Comp. w. Brain Cir of MO,001,https://doc.sis.columbia.edu/subj/ECBM/E6070-20261-001/,11516,3,M 7:00pm-9:30pm 1127 Seeley W. Mudd Building,,"10 students (50 max) as of 11:06AM Monday, April 27, 2026",,"Aurel A Lazar - e-mail , homepage",LECTURE,In-Person,"Selected advanced topics in neuroscience and deep learning. Content varies from year to year, and different topics rotate through the course numbers 6070 to 6079.",E6070,School of Engineering and Applied Science: Graduate,"Engineering:Undergraduate, Engineering:Graduate, GSAS, General Studies",20261ECBM6070E001
ECONG6206,Spring 2026 Economics GR6206 section 001,MICROECONOMIC ANALYSIS II-DISC,MICROECONOMIC ANALYSIS II,001,https://doc.sis.columbia.edu/subj/ECON/G6206-20261-001/,16816,0,T 4:10pm-5:40pm 233 Seeley W. Mudd Building,,"25 students (45 max) as of 11:06AM Monday, April 27, 2026",,Cole A Wittbrodt,DISCUSSION,In-Person,,GR6206,Graduate School of Arts and Sciences,GSAS,20261ECON6206G001
ECONG6212,Spring 2026 Economics GR6212 section 001,MICROECONOMIC ANALYSIS II,,001,https://doc.sis.columbia.edu/subj/ECON/G6212-20261-001/,12225,4,MW 10:10am-11:25am 520 Mathematics Building,,"26 students (45 max) as of 11:06AM Monday, April 27, 2026",,,LECTURE,In-Person,"Prerequisites: the director of graduate studies permission. Corequisites: ECON G6410. Consumer and producer behavior; general competitive equilibrium, welfare and efficiency, behavior under uncertainty, intertemporal allocation and capital theory, imperfect competition, elements of game theory, problems of information, economies with price rigidities.",GR6212,Graduate School of Arts and Sciences,GSAS,20261ECON6212G001
ECONW4251,Spring 2026 Economics GU4251 section 001,INDUSTRIAL ORGANIZATION,,001,https://doc.sis.columbia.edu/subj/ECON/W4251-20261-001/,12845,3,MW 4:10pm-5:25pm 602 Hamilton Hall,,"50 students (86 max) as of 11:06AM Monday, April 27, 2026",,Gautam Gowrisankaran,LECTURE,In-Person,"Prerequisites: ECON UN3211 and ECON UN3213 The study of industrial behavior based on game-theoretic oligopoly models. Topics include pricing models, strategic aspects of business practice, vertical integration, and technological innovation.",GU4251,Interfaculty,"Schools of the Arts, Barnard College, Columbia College, Engineering:Undergraduate, Engineering:Graduate, GSAS, Global Programs, General Studies, SIPA, Professional Studies",20261ECON4251W001
ECONW4500,Spring 2026 Economics GU4500 section 001,INTERNATIONAL TRADE,,001,https://doc.sis.columbia.edu/subj/ECON/W4500-20261-001/,12853,3,TR 4:10pm-5:25pm 517 Hamilton Hall,,"33 students (86 max) as of 11:06AM Monday, April 27, 2026",,Jonathan I Dingel,LECTURE,In-Person,"Prerequisites: ECON UN3211 and ECON UN3213 The theory of international trade, comparative advantage and the factor endowments explanation of trade, analysis of the theory and practice of commercial policy, economic integration. International mobility of capital and labor; the North-South debate.",GU4500,Interfaculty,"Schools of the Arts, Barnard College, Columbia College, Engineering:Undergraduate, Engineering:Graduate, GSAS, Global Programs, General Studies, SIPA, Professional Studies",20261ECON4500W001
EECSE6691,Spring 2026 Electrical Engineering and Computer Science E6691 section 001,TOPICS DATA-DRIVEN ANAL & COMP,Advanced Deep Learning,001,https://doc.sis.columbia.edu/subj/EECS/E6691-20261-001/,11527,3,W 10:10am-12:40pm 627 Seeley W. Mudd Building,,"18 students (50 max) as of 11:06AM Monday, April 27, 2026",,Zoran Kostic - homepage,LECTURE,In-Person,"Selected advanced topics in data-driven analysis and computation. Content varies from year to year, and different topics rotate through the course numbers 6690 to 6699.",E6691,School of Engineering and Applied Science: Graduate,"Barnard College, Columbia College, Engineering:Undergraduate, Engineering:Graduate, GSAS, General Studies",20261EECS6691E001
EECSE6699,Spring 2026 Electrical Engineering and Computer Science E6699 section 001,TOPICS DATA-DRIVEN ANAL & COMP,TPC: MATHEMATICS OF DEEP LEARN,001,https://doc.sis.columbia.edu/subj/EECS/E6699-20261-001/,16609,3,M 4:10pm-6:40pm 614 Schermerhorn Hall [SCH],,"118 students (115 max) as of 11:06AM Monday, April 27, 2026",,Predrag R Jelenkovic,LECTURE,In-Person,"Selected advanced topics in data-driven analysis and computation. Content varies from year to year, and different topics rotate through the course numbers 6690 to 6699.",E6699,School of Engineering and Applied Science: Graduate,,20261EECS6699E001
EECSE6895,Spring 2026 Electrical Engineering and Computer Science E6895 section 001,TOPICS-INFORMATION PROCESSING,TPC: Adv Big Data & AI,001,https://doc.sis.columbia.edu/subj/EECS/E6895-20261-001/,11536,3,T 7:00pm-9:30pm 501 Northwest Corner Building,,"73 students (80 max) as of 11:06AM Monday, April 27, 2026",,Ching-Yung Lin,LECTURE,In-Person,"Advanced topics spanning Electrical Engineering and Computer Science such as speech processing and recognition, image and multimedia content analysis, and other areas drawing on signal processing, information theory, machine learning, pattern recognition, and related topics. Content varies from year to year, and different topics rotate through the course numbers 6890 to 6899.  Topic: Advanced Big Data Analytics.",E6895,School of Engineering and Applied Science: Graduate,,20261EECS6895E001
EEORE6616,Spring 2026 Electrical Engineering: Operations Research E6616 section 001,CONVEX OPTIMIZATION,,001,https://doc.sis.columbia.edu/subj/EEOR/E6616-20261-001/,13265,3,MW 4:10pm-5:25pm 233 Seeley W. Mudd Building,,"17 students (40 max) as of 11:06AM Monday, April 27, 2026",,Bento Natura,LECTURE,In-Person,"Convex sets and functions, and operations preserving convexity. Convex optimization problems. Convex duality. Applications of convex optimization problems ranging from signal processing and information theory to revenue management. Convex optimization in Banach spaces. Algorithms for solving constrained convex optimization problems.",E6616,School of Engineering and Applied Science: Graduate,,20261EEOR6616E001
ELENE6883,Spring 2026 Electrical Engineering E6883 section 001,TOPICS IN SIGNAL PROCESSING,INTRO TO BLOCKCHAIN TECH,001,https://doc.sis.columbia.edu/subj/ELEN/E6883-20261-001/,11533,3,F 8:10am-10:00am 627 Seeley W. Mudd Building,,"49 students (50 max) as of 11:06AM Monday, April 27, 2026",,,LECTURE,In-Person,"Advanced topics in signal processing, such as multidimensional signal processing, image feature extraction, image/video editing and indexing, advanced digital filter design, multirate signal processing, adaptive signal processing, and wave-form coding of signals. Content varies from year to year, and different topics rotate through the course numbers 6880 to 6889.",E6883,School of Engineering and Applied Science: Graduate,,20261ELEN6883E001
IEMEE4200,Spring 2026 Industrial and Mechanical Engineering E4200 section 001,HUMAN-CENTERED DESIGN AND INNOVATION,HUMAN-CENTERED DESIGN & I,001,https://doc.sis.columbia.edu/subj/IEME/E4200-20261-001/,13266,3,W 11:25am-12:40pm 430 Riverside Church,,"58 students (60 max) as of 11:06AM Monday, April 27, 2026",,Harry West,LECTURE,In-Person,"Open to SEAS graduate and advanced undergraduate students, Business School, and GSAPP. Students from other schools may apply. Fast-paced introduction to human-centered design. Students learn the vocabulary of design methods, understanding of design process. Small group projects to create prototypes. Design of simple product, more complex systems of products and services, and design of business.",E4200,School of Engineering and Applied Science: Graduate,,20261IEME4200E001
IEMEE4200,Spring 2026 Industrial and Mechanical Engineering E4200 section 002,HUMAN-CENTERED DESIGN AND INNOVATION,HUMAN-CENTERED DESIGN & I,002,https://doc.sis.columbia.edu/subj/IEME/E4200-20261-002/,17196,3,W 4:10pm-5:25pm 430 Riverside Church,,"59 students (60 max) as of 11:06AM Monday, April 27, 2026",,Harry West,LECTURE,In-Person,"Open to SEAS graduate and advanced undergraduate students, Business School, and GSAPP. Students from other schools may apply. Fast-paced introduction to human-centered design. Students learn the vocabulary of design methods, understanding of design process. Small group projects to create prototypes. Design of simple product, more complex systems of products and services, and design of business.",E4200,School of Engineering and Applied Science: Graduate,,20261IEME4200E002
MATHG5030,Spring 2026 Mathematics GR5030 section 001,NUMERICAL METHODS IN FINANCE,NUMERICAL METHODS IN FINA,001,https://doc.sis.columbia.edu/subj/MATH/G5030-20261-001/,11113,3,TR 4:10pm-5:25pm 203 Mathematics Building,,"95 students (100 max) as of 11:06AM Monday, April 27, 2026",,Jaehyuk Choi,LECTURE,In-Person,"Prerequisites: some familiarity with the basic principles of partial differential equations, probability and stochastic processes, and of mathematical finance as provided, e.g. in MATH W5010. Prerequisites: some familiarity with the basic principles of partial differential equations, probability and stochastic processes, and of mathematical finance as provided, e.g. in MATH W5010. Review of the basic numerical methods for partial differential equations, variational inequalities and free-boundary problems. Numerical methods for solving stochastic differential equations; random number generation, Monte Carlo techniques for evaluating path-integrals, numerical techniques for the valuation of American, path-dependent and barrier options.",GR5030,Graduate School of Arts and Sciences,GSAS,20261MATH5030G001
MATHG5360,Spring 2026 Mathematics GR5360 section 001,MATH MTHDS-FIN PRICE ANALYSIS,MATH MTHDS-FIN PRICE ANAL,001,https://doc.sis.columbia.edu/subj/MATH/G5360-20261-001/,11097,3,S 7:00pm-9:20pm 312 Mathematics Building,,"85 students (100 max) as of 11:06AM Monday, April 27, 2026",,Alexei Chekhlov,LECTURE,In-Person,"Course covers modern statistical and physical methods of analysis and prediction of financial price data. Methods from statistics, physics and econometrics will be presented with the goal to create and analyze different quantitative investment models.",GR5360,Graduate School of Arts and Sciences,,20261MATH5360G001
MATHG5380,Spring 2026 Mathematics GR5380 section 001,MULTI-ASSET PORTFOLIO MGMT,MULTI-ASSET PORTFOLIO MGM,001,https://doc.sis.columbia.edu/subj/MATH/G5380-20261-001/,11098,3,MW 6:10pm-7:25pm 312 Mathematics Building,,"120 students (116 max) as of 11:06AM Monday, April 27, 2026",,,LECTURE,In-Person,"The course will cover practical issues such as: how to select an investment universe and instruments, derive long term risk/return forecasts, create tactical models, construct and implement an efficient portfolio,to take into account constraints and transaction costs, measure and manage portfolio risk, and analyze the performance of the total portfolio.",GR5380,Graduate School of Arts and Sciences,,20261MATH5380G001
MATHG5450,Spring 2026 Mathematics GR5450 section 001,Credit Analytics,,001,https://doc.sis.columbia.edu/subj/MATH/G5450-20261-001/,11100,3,F 1:10pm-3:40pm 401 Chandler,,"11 students (60 max) as of 11:06AM Monday, April 27, 2026",,,LECTURE,In-Person,"This course uses a combination of lectures and case studies to introduce students to the modern credit analytics. The objective for the course is to cover major analytic concepts, ideas with a focus on the underlying mathematics used in both credit risk management and credit valuation.  We will start from an empirical analysis of default probabilities (or PD), recovery rates and rating transitions. Then we will introduce the essential concepts of survival analysis as a scientiﬁc way to study default.  For credit portfolio we will study and compare diﬀerent approaches such as CreditPortfolio View, CreditRisk+ as well as copula function approach. For valuation we will cover both single name and portfolio models.",GR5450,Interfaculty,GSAS,20261MATH5450G001
MATHG6153,Spring 2026 Mathematics GR6153 section 001,PROBABILITY II,,001,https://doc.sis.columbia.edu/subj/MATH/G6153-20261-001/,11105,4.5,MW 1:10pm-2:25pm 507 Mathematics Building,,"4 students (20 max) as of 11:06AM Monday, April 27, 2026",,Julien Dubedat,LECTURE,In-Person,Prerequisites: MATH GR6151 MATH G4151 Analysis & Probability I. Continuation of MATH GR6152x (see fall listing).,GR6153,Graduate School of Arts and Sciences,GSAS,20261MATH6153G001
MATHW4041,Spring 2026 Mathematics GU4041 section 001,INTRO MODERN ALGEBRA I,,001,https://doc.sis.columbia.edu/subj/MATH/W4041-20261-001/,11085,3,MW 4:10pm-5:25pm 203 Mathematics Building,,"40 students (80 max) as of 11:06AM Monday, April 27, 2026",,Aise Johan de Jong,LECTURE,In-Person,"Prerequisites: MATH UN1102 and MATH UN1202 and MATH UN2010 or the equivalent. The second term of this course may not be taken without the first. Groups, homomorphisms, normal subgroups, the isomorphism theorems, symmetric groups, group actions, the Sylow theorems, finitely generated abelian groups.",GU4041,Interfaculty,,20261MATH4041W001
MATHW5010,Spring 2026 Mathematics GR5010 section 001,INTRO TO THE MATH OF FINANCE,INTRO TO THE MATH OF FINA,001,https://doc.sis.columbia.edu/subj/MATH/W5010-20261-001/,11093,3,MW 7:40pm-8:55pm 207 Mathematics Building,,"144 students (150 max) as of 11:06AM Monday, April 27, 2026",,Mikhail Smirnov,LECTURE,In-Person,"Prerequisites: MATH UN1102 and MATH UN1201 , or their equivalents. Introduction to mathematical methods in pricing of options, futures and other derivative securities, risk management, portfolio management and investment strategies with an emphasis of both theoretical and practical aspects. Topics include: Arithmetic and Geometric Brownian ,motion processes, Black-Scholes partial differential equation, Black-Scholes option pricing formula, Ornstein-Uhlenbeck processes, volatility models, risk models, value-at-risk and conditional value-at-risk, portfolio construction and optimization methods.",GR5010,Interfaculty,,20261MATH5010W001
MEIEE4810,,Section removed from the Directory of Classes,,001,https://doc.sis.columbia.edu/subj/MEIE/E4810-20261-001/,,,,,,,,,,,,,,
ORCSE4201,Spring 2026 Op Research - Computer Science E4201 section 001,Policy for Privacy Technologies,Policy for Privacy Techno,001,https://doc.sis.columbia.edu/subj/ORCS/E4201-20261-001/,17127,3,TR 11:40am-12:55pm 633 Seeley W. Mudd Building,,"32 students (30 max) as of 11:06AM Monday, April 27, 2026",,Rachel Cummings,LECTURE,In-Person,"Introduction to privacy technologies, their use in practice, and privacy regulations. Potential topics include anonymization, differential privacy, cryptography, secure multi-party computation, and legislation. Course material will be abased in real-world use cases of these tools.",E4201,School of Engineering and Applied Science: Graduate,"Engineering:Undergraduate, Engineering:Graduate",20261ORCS4201E001
STATG6202,Spring 2026 Statistics GR6202 section 001,STATISTICL INFERENCE THEORY II,STATISTICL INFERENCE THEO,001,https://doc.sis.columbia.edu/subj/STAT/G6202-20261-001/,14163,4,MW 2:40pm-3:55pm 903 School of Social Work,,"4 students (25 max) as of 11:06AM Monday, April 27, 2026",,Zhiliang Ying,LECTURE,In-Person,Prerequisites: STAT GR6201 Continuation of STAT G6201,GR6202,Graduate School of Arts and Sciences,GSAS,20261STAT6202G001
STATG6302,Spring 2026 Statistics GR6302 section 001,PROBABILITY THEORY II,,001,https://doc.sis.columbia.edu/subj/STAT/G6302-20261-001/,14161,4,TR 10:10am-11:25am 903 School of Social Work,,"8 students (25 max) as of 11:06AM Monday, April 27, 2026",,Marcel F Nutz,LECTURE,In-Person,"Prerequisites: STAT GR6301. Conditional distributions and expectations. Martingales; inequalities, convergence and closure properties, optimal stopping theorems, Burkholder-Gundy inequalities, Doob-Meyer decomposition, stochastic integration, Itos rule. Brownian motion: construction, invariance principles and random walks, study of sample paths, martingale representation results Girsanov Theorem. The heat equation, Feynman-Kac formula. Dirichlet problem, connections with potential theory. Introduction to Markov processes: semigroups and infinitesimal generators, diffusions, stochastic differential equations.",GR6302,Graduate School of Arts and Sciences,GSAS,20261STAT6302G001
STATG8101,Spring 2026 Statistics GR8101 section 001,TOPICS IN APPLIED STATISTICS,Applied Causality,001,https://doc.sis.columbia.edu/subj/STAT/G8101-20261-001/,14159,3,T 10:10am-12:00pm 331 Uris Hall,,"18 students (25 max) as of 11:06AM Monday, April 27, 2026",,David Blei,LECTURE,In-Person,".This seminar explores the principle of invariance and its role in causal reasoning. We will study algorithms that connect invariance to causality, how these ideas extend to representation learning, and examine applications across the sciences and social sciences. Some subjects will include invariant causal prediction, causal representation learning, robust learning from multiple environments, and empirical Bayes.",GR8101,Graduate School of Arts and Sciences,GSAS,20261STAT8101G001
STATG8201,Spring 2026 Statistics GR8201 section 001,Theoretical Statistics,,001,https://doc.sis.columbia.edu/subj/STAT/G8201-20261-001/,14158,3,R 2:00pm-4:00pm 304 Uris Hall,,"14 students (25 max) as of 11:06AM Monday, April 27, 2026",,Arian Maleki,COLLOQUIA,In-Person,.,GR8201,Graduate School of Arts and Sciences,GSAS,20261STAT8201G001
STATQ8301,Spring 2026 Statistics GR8301 section 001,TOPICS IN PROBABILITY THEORY,TOPICS IN PROBABILITY THE,001,https://doc.sis.columbia.edu/subj/STAT/Q8301-20261-001/,14281,3,T 2:10pm-4:00pm 1025 School of Social Work,,"6 students (25 max) as of 11:06AM Monday, April 27, 2026",,Konstantinos Fokianos,COLLOQUIA,In-Person,,GR8301,Graduate School of Arts and Sciences,,20261STAT8301Q001
STATW4001,Spring 2026 Statistics GU4001 section 001,INTRODUCTION TO PROBABILITY AND STATISTI,INTRODUCTION TO PROB & ST,001,https://doc.sis.columbia.edu/subj/STAT/W4001-20261-001/,13908,3,TR 6:10pm-7:25pm 614 Schermerhorn Hall [SCH],,"19 students (125 max) as of 11:06AM Monday, April 27, 2026",,Alberto Gonzalez Sanz,LECTURE,In-Person,"Prerequisites: Calculus through multiple integration and infinite sums. A calculus-based tour of the fundamentals of probability theory and statistical inference. Probability models, random variables, useful distributions, conditioning, expectations, law of large numbers, central limit theorem, point and confidence interval estimation, hypothesis tests, linear regression. This course replaces SIEO 4150.",GU4001,Interfaculty,"Barnard College, Columbia College, Engineering:Undergraduate, Engineering:Graduate, GSAS, General Studies, SIPA, Professional Studies",20261STAT4001W001
STATW4001,Spring 2026 Statistics GU4001 section 002,INTRODUCTION TO PROBABILITY AND STATISTI,INTRODUCTION TO PROB & ST,002,https://doc.sis.columbia.edu/subj/STAT/W4001-20261-002/,13909,3,MW 2:40pm-3:55pm 402 Chandler,,"85 students (125 max) as of 11:06AM Monday, April 27, 2026",,Casey Bradshaw,LECTURE,In-Person,"Prerequisites: Calculus through multiple integration and infinite sums. A calculus-based tour of the fundamentals of probability theory and statistical inference. Probability models, random variables, useful distributions, conditioning, expectations, law of large numbers, central limit theorem, point and confidence interval estimation, hypothesis tests, linear regression. This course replaces SIEO 4150.",GU4001,Interfaculty,"Columbia College, Engineering:Undergraduate, Engineering:Graduate, GSAS, General Studies, Professional Studies",20261STAT4001W002
STATW4205,Spring 2026 Statistics GU4205 section 001,LINEAR REGRESSION MODELS,,001,https://doc.sis.columbia.edu/subj/STAT/W4205-20261-001/,13916,3,TR 6:10pm-7:25pm 501 Schermerhorn Hall [SCH],,"9 students (35 max) as of 11:06AM Monday, April 27, 2026",,Yisha Yao,LECTURE,In-Person,"Prerequisites: STAT GU4204 or the equivalent, and a course in linear algebra. Theory and practice of regression analysis. Simple and multiple regression, testing, estimation, prediction, and confidence procedures, modeling, regression diagnostics and plots, polynomial regression, colinearity and confounding, model selection, geometry of least squares. Extensive use of the computer to analyse data.",GU4205,Interfaculty,"Barnard College, Columbia College, Engineering:Undergraduate, GSAS, General Studies",20261STAT4205W001
STATW4205,Spring 2026 Statistics GU4205 section 002,LINEAR REGRESSION MODELS,,002,https://doc.sis.columbia.edu/subj/STAT/W4205-20261-002/,20136,3,MW 6:10pm-7:25pm 517 Hamilton Hall,,"16 students (31 max) as of 11:06AM Monday, April 27, 2026",,Gabriel Young,LECTURE,In-Person,"Prerequisites: STAT GU4204 or the equivalent, and a course in linear algebra. Theory and practice of regression analysis. Simple and multiple regression, testing, estimation, prediction, and confidence procedures, modeling, regression diagnostics and plots, polynomial regression, colinearity and confounding, model selection, geometry of least squares. Extensive use of the computer to analyse data.",GU4205,Interfaculty,"Columbia College, Engineering:Undergraduate, General Studies",20261STAT4205W002
STATW4221,Spring 2026 Statistics GU4221 section 001,TIME SERIES ANALYSIS,,001,https://doc.sis.columbia.edu/subj/STAT/W4221-20261-001/,13919,3,S 10:10am-12:40pm 301 Uris Hall,,"15 students (25 max) as of 11:06AM Monday, April 27, 2026",,Franz Rembart,LECTURE,In-Person,"Prerequisites: STAT GU4205 or the equivalent. Least squares smoothing and prediction, linear systems, Fourier analysis, and spectral estimation. Impulse response and transfer function. Fourier series, the fast Fourier transform, autocorrelation function, and spectral density. Univariate Box-Jenkins modeling and forecasting. Emphasis on applications. Examples from the physical sciences, social sciences, and business. Computing is an integral part of the course.",GU4221,Interfaculty,"Barnard College, Columbia College, Engineering:Undergraduate, Engineering:Graduate, GSAS, General Studies, Professional Studies",20261STAT4221W001
STATW4224,Spring 2026 Statistics GU4224 section 001,BAYESIAN STATISTICS,,001,https://doc.sis.columbia.edu/subj/STAT/W4224-20261-001/,14253,3,TR 7:40pm-8:55pm 301 Uris Hall,,"23 students (40 max) as of 11:06AM Monday, April 27, 2026",,Dobrin Marchev,LECTURE,In-Person,"This course introduces the Bayesian paradigm for statistical inference.  Topics covered include prior and posterior distributions: conjugate priors, informative and non-informative priors; one- and two-sample problems; models for normal data, models for binary data, Bayesian linear models; Bayesian computation: MCMC algorithms, the Gibbs sampler; hierarchical models; hypothesis testing, Bayes factors, model selection; use of statistical software. Prerequisites: A course in the theory of statistical inference, such as STAT GU4204 a course in statistical modeling and data analysis, such as STAT GU4205.",GU4224,Interfaculty,"Barnard College, Columbia College, Engineering:Undergraduate, Engineering:Graduate, GSAS, General Studies, Professional Studies",20261STAT4224W001
STATW4243,Spring 2026 Statistics GU4243 section 001,ADVANCED DATA SCIENCE AND ARTIFICIAL INT,APPLIED DATA SCIENCE,001,https://doc.sis.columbia.edu/subj/STAT/W4243-20261-001/,13946,3,MW 7:40pm-8:55pm 402 Chandler,,"21 students (25 max) as of 11:06AM Monday, April 27, 2026",,Alex Pijyan,LECTURE,In-Person,Project-based topics course in data science and artificial intelligence. Students build a portfolio by implementing and applying modern data science methods.,GU4243,Interfaculty,"Barnard College, Columbia College, Engineering:Undergraduate, Engineering:Graduate, GSAS, General Studies, Professional Studies",20261STAT4243W001
STATW4243,Spring 2026 Statistics GU4243 section 002,ADVANCED DATA SCIENCE AND ARTIFICIAL INT,APPLIED DATA SCIENCE,002,https://doc.sis.columbia.edu/subj/STAT/W4243-20261-002/,13956,3,R 6:10pm-8:40pm 203 Mathematics Building,,"3 students (25 max) as of 11:06AM Monday, April 27, 2026",,Haiyuan Wang,LECTURE,In-Person,Project-based topics course in data science and artificial intelligence. Students build a portfolio by implementing and applying modern data science methods.,GU4243,Interfaculty,"Columbia College, Engineering:Undergraduate, GSAS, General Studies, Professional Studies",20261STAT4243W002
STATW4261,Spring 2026 Statistics GU4261 section 001,STATISTICAL METHODS IN FINANCE,STATISTICAL METHODS IN FI,001,https://doc.sis.columbia.edu/subj/STAT/W4261-20261-001/,14198,3,S 10:10am-12:40pm 417 International Affairs Building,,"13 students (25 max) as of 11:06AM Monday, April 27, 2026",,Zhiliang Ying,LECTURE,In-Person,"Prerequisites: STAT GU4205 or the equivalent. A fast-paced introduction to statistical methods used in quantitative finance. Financial applications and statistical methodologies are intertwined in all lectures. Topics include regression analysis and applications to the Capital Asset Pricing Model and multifactor pricing models, principal components and multivariate analysis, smoothing techniques and estimation of yield curves statistical methods for financial time series, value at risk, term structure models and fixed income research, and estimation and modeling of volatilities. Hands-on experience with financial data.",GU4261,Interfaculty,"Barnard College, Columbia College, Engineering:Undergraduate, Engineering:Graduate, GSAS, General Studies, Professional Studies",20261STAT4261W001
